USE Lab6;

DELETE FROM CourseOffer;
DELETE FROM Course;
DELETE FROM Semester;

INSERT INTO Course VALUES ('CST8110', 'Introduction to Computer Programming', 4);
INSERT INTO Course VALUES ('CST8209', 'Web Programming I', 4);
INSERT INTO Course VALUES ('CST8260', 'Database System and Concepts', 3);
INSERT INTO Course VALUES ('MAT8001', 'Math Fundamentals', 3 );
INSERT INTO Course VALUES ('MGT8100', 'Career and College Success Skills', 3 );
INSERT INTO Course VALUES ('CST8250', 'Database Design and Administration', 4 );
INSERT INTO Course VALUES ('CST8253', 'Web Programming II', 3 );
INSERT INTO Course VALUES ('CST8254', 'Network Operating Systems', 4 );
INSERT INTO Course VALUES ('CST8255', 'Web Imaging and Animations', 3 );
INSERT INTO Course VALUES ('CST8256', 'Web Programming Languages I', 4 );
INSERT INTO Course VALUES ('CST8257', 'Web Applications Development', 4 );
INSERT INTO Course VALUES ('CST8258', 'Web Project Management', 3 );
INSERT INTO Course VALUES ('CST8259', 'Web Programming Languages II', 4 );
INSERT INTO Course VALUES ('CST8265', 'Web Security Basics', 4 );
INSERT INTO Course VALUES ('CST8267', 'Ecommerce', 3 );
INSERT INTO Course VALUES ('MAT8050', 'Geometry and Trigonometry', 3 );
INSERT INTO Course VALUES ('SAF8408', 'Health and Safety', 4 );
INSERT INTO Course VALUES ('ENG8101', 'Statics', 5 );
INSERT INTO Course VALUES ('MAT8051', 'Algebra', 3 );
INSERT INTO Course VALUES ('ENG8102', 'Strength of Materials', 3 );
INSERT INTO Course VALUES ('ENG8411', 'Structural Analysis', 3 );
INSERT INTO Course VALUES ('MGT8400', 'Project Administration', 4 );
INSERT INTO Course VALUES ('ENG8328', 'Hydraulics', 3 );
INSERT INTO Course VALUES ('ENG8404', 'Introduction to Structural Design', 3 );
INSERT INTO Course VALUES ('ENG8454', 'Geotechnical Materials', 3 );
INSERT INTO Course VALUES ('MAT8201', 'Calculus 1', 3 );
INSERT INTO Course VALUES ('ENG8435', 'Reinforced Concrete Design', 3 );
INSERT INTO Course VALUES ('ENG8451', 'Water and Waste Water Technology', 3 );

INSERT INTO Semester (SemesterCode, Year, Term) VALUE ('25w', 2025, 'Winter');
INSERT INTO Semester (SemesterCode, Year, Term) VALUE ('25S', 2025, 'Summer');
INSERT INTO Semester (SemesterCode, Year, Term) VALUE ('25F', 2025, 'Fall');
INSERT INTO Semester (SemesterCode, Year, Term) VALUE ('26W', 2026, 'Winter');
INSERT INTO Semester (SemesterCode, Year, Term) VALUE ('26S', 2026, 'Summer');
INSERT INTO Semester (SemesterCode, Year, Term) VALUE ('26F', 2026, 'Fall');
INSERT INTO Semester (SemesterCode, Year, Term) VALUE ('27W', 2027, 'Winter');
INSERT INTO Semester (SemesterCode, Year, Term) VALUE ('27S', 2027, 'Summer');
INSERT INTO Semester (SemesterCode, Year, Term) VALUE ('27F', 2027, 'Fall');

INSERT INTO CourseOffer VALUES ('CST8110', '25W');
INSERT INTO CourseOffer VALUES ('CST8209', '25W');
INSERT INTO CourseOffer VALUES ('CST8260', '25W');
INSERT INTO CourseOffer VALUES ('MAT8001', '25W');
INSERT INTO CourseOffer VALUES ('MGT8100', '25W');
INSERT INTO CourseOffer VALUES ('CST8250', '25W');
INSERT INTO CourseOffer VALUES ('CST8253', '25S');
INSERT INTO CourseOffer VALUES ('CST8254', '25S');
INSERT INTO CourseOffer VALUES ('CST8255', '25S');
INSERT INTO CourseOffer VALUES ('CST8256', '25S');
INSERT INTO CourseOffer VALUES ('CST8257', '25S');
INSERT INTO CourseOffer VALUES ('CST8258', '25F');
INSERT INTO CourseOffer VALUES ('CST8259', '25F');
INSERT INTO CourseOffer VALUES ('CST8265', '25F');
INSERT INTO CourseOffer VALUES ('CST8267', '25F');
INSERT INTO CourseOffer VALUES ('MAT8050', '26W');
INSERT INTO CourseOffer VALUES ('SAF8408', '26W');
INSERT INTO CourseOffer VALUES ('ENG8101', '26W');
INSERT INTO CourseOffer VALUES ('MAT8001', '26W');
INSERT INTO CourseOffer VALUES ('MGT8100', '26W');
INSERT INTO CourseOffer VALUES ('CST8250', '26W');
INSERT INTO CourseOffer VALUES ('CST8253', '26S');
INSERT INTO CourseOffer VALUES ('CST8254', '26S');
INSERT INTO CourseOffer VALUES ('CST8255', '26S');
INSERT INTO CourseOffer VALUES ('MAT8051', '26S');
INSERT INTO CourseOffer VALUES ('ENG8102', '26S');
INSERT INTO CourseOffer VALUES ('ENG8411', '26F');
INSERT INTO CourseOffer VALUES ('MGT8400', '26F');
INSERT INTO CourseOffer VALUES ('ENG8328', '26F');
INSERT INTO CourseOffer VALUES ('ENG8404', '26F');
INSERT INTO CourseOffer VALUES ('ENG8454', '26F');
INSERT INTO CourseOffer VALUES ('ENG8411', '27W');
INSERT INTO CourseOffer VALUES ('MGT8400', '27W');
INSERT INTO CourseOffer VALUES ('ENG8328', '27W');
INSERT INTO CourseOffer VALUES ('ENG8404', '27S');
INSERT INTO CourseOffer VALUES ('ENG8454', '27S');
INSERT INTO CourseOffer VALUES ('MAT8201', '27S');
INSERT INTO CourseOffer VALUES ('ENG8435', '27F');
INSERT INTO CourseOffer VALUES ('ENG8451', '27F');
INSERT INTO CourseOffer VALUES ('CST8110', '27F');
INSERT INTO CourseOffer VALUES ('CST8209', '27F');
INSERT INTO CourseOffer VALUES ('CST8260', '27F');